{
  "imports": {
    "cce:/internal/x/cc": "./chunks/86/86ea51a86e5d858891ef07385334b7b1017d7ca2.js",
    "cce:/internal/x/prerequisite-imports": "./chunks/6c/6cea9118b313aa76b67e6fd6577a4a82aae4c9d4.js",
    "file:///F:/cc/asd/ccndy/assets/script/wait.ts": "./chunks/57/57fa30d384dd8003d42f7b825a99ddbdd9226269.js",
    "file:///F:/cc/asd/ccndy/assets/script/gameManager.ts": "./chunks/d1/d1e6aef0847273cd378834a8f61ceec64ebc2fd9.js"
  },
  "scopes": {
    "./chunks/86/86ea51a86e5d858891ef07385334b7b1017d7ca2.js": {
      "__unresolved_0": "cce:/internal/x/cc-fu/2d",
      "__unresolved_1": "cce:/internal/x/cc-fu/sorting",
      "__unresolved_10": "cce:/internal/x/cc-fu/light-probe",
      "__unresolved_11": "cce:/internal/x/cc-fu/particle",
      "__unresolved_12": "cce:/internal/x/cc-fu/particle-2d",
      "__unresolved_13": "cce:/internal/x/cc-fu/physics-2d-box2d",
      "__unresolved_14": "cce:/internal/x/cc-fu/physics-2d-framework",
      "__unresolved_15": "cce:/internal/x/cc-fu/physics-ammo",
      "__unresolved_16": "cce:/internal/x/cc-fu/physics-framework",
      "__unresolved_17": "cce:/internal/x/cc-fu/wait-for-ammo-instantiation",
      "__unresolved_18": "cce:/internal/x/cc-fu/primitive",
      "__unresolved_19": "cce:/internal/x/cc-fu/profiler",
      "__unresolved_2": "cce:/internal/x/cc-fu/3d",
      "__unresolved_20": "cce:/internal/x/cc-fu/skeletal-animation",
      "__unresolved_21": "cce:/internal/x/cc-fu/spine",
      "__unresolved_22": "cce:/internal/x/cc-fu/terrain",
      "__unresolved_23": "cce:/internal/x/cc-fu/tiled-map",
      "__unresolved_24": "cce:/internal/x/cc-fu/tween",
      "__unresolved_25": "cce:/internal/x/cc-fu/ui",
      "__unresolved_26": "cce:/internal/x/cc-fu/video",
      "__unresolved_27": "cce:/internal/x/cc-fu/webview",
      "__unresolved_3": "cce:/internal/x/cc-fu/animation",
      "__unresolved_4": "cce:/internal/x/cc-fu/audio",
      "__unresolved_5": "cce:/internal/x/cc-fu/base",
      "__unresolved_6": "cce:/internal/x/cc-fu/dragon-bones",
      "__unresolved_7": "cce:/internal/x/cc-fu/gfx-webgl",
      "__unresolved_8": "cce:/internal/x/cc-fu/gfx-webgl2",
      "__unresolved_9": "cce:/internal/x/cc-fu/intersection-2d"
    },
    "./chunks/6c/6cea9118b313aa76b67e6fd6577a4a82aae4c9d4.js": {
      "__unresolved_0": "./chunks/d1/d1e6aef0847273cd378834a8f61ceec64ebc2fd9.js",
      "__unresolved_1": "./chunks/57/57fa30d384dd8003d42f7b825a99ddbdd9226269.js"
    },
    "./chunks/57/57fa30d384dd8003d42f7b825a99ddbdd9226269.js": {
      "cc": "./chunks/86/86ea51a86e5d858891ef07385334b7b1017d7ca2.js"
    },
    "./chunks/d1/d1e6aef0847273cd378834a8f61ceec64ebc2fd9.js": {
      "cc": "./chunks/86/86ea51a86e5d858891ef07385334b7b1017d7ca2.js"
    }
  }
}
