{
  "026d3450-203b-495c-9bdb-37729d57edec": {
    "url": "db://assets/resource/loading",
    "value": {}
  },
  "c48b6e3d-4b11-4d27-91c4-1c44e492861a": {
    "url": "db://assets/resource/prefabs",
    "value": {}
  },
  "e1f0e296-a74e-4678-9c47-953cdaaf43fe": {
    "url": "db://assets/resource/scene",
    "value": {}
  },
  "5d3f9be5-e8e6-4dc2-83f9-025c15f56035": {
    "url": "db://assets/script",
    "value": {}
  },
  "e8c31b91-32f3-44c9-af13-041a88957076": {
    "url": "db://assets/resource/loading/image",
    "value": {}
  },
  "c67d7e9c-a421-4a75-8a35-89f2a98b17ed": {
    "url": "db://assets/script/gameManager.ts",
    "value": {}
  },
  "4657ed1a-0096-4f69-b43d-c060611f917d": {
    "url": "db://assets/script/wait.ts",
    "value": {}
  },
  "fc782799-baef-48c8-b39c-1e4a5b1d19d3": {
    "url": "db://assets/resource/prefabs/wait.prefab",
    "value": {
      "depends": [
        "42d433a0-77fc-481a-834c-5963e3af76fc@f9941"
      ]
    }
  },
  "a81c8eaf-d024-4c5d-ae0c-709691c6fa0b": {
    "url": "db://assets/resource/scene/scene.scene",
    "value": {
      "depends": [
        "a81c8eaf-d024-4c5d-ae0c-709691c6fa0b",
        "553c4b2c-3cfa-44ff-9975-2278a37e14e0@f9941",
        "07cad2f4-06e1-4e5c-be3f-00d81fd1206f",
        "d032ac98-05e1-4090-88bb-eb640dcb5fc1@b47c0",
        "d032ac98-05e1-4090-88bb-eb640dcb5fc1@b47c0",
        "6f01cf7f-81bf-4a7e-bd5d-0afc19696480@b47c0"
      ]
    }
  },
  "553c4b2c-3cfa-44ff-9975-2278a37e14e0": {
    "url": "db://assets/resource/loading/image/bg2.png",
    "value": {
      "depends": []
    }
  },
  "42d433a0-77fc-481a-834c-5963e3af76fc": {
    "url": "db://assets/resource/loading/image/wait.png",
    "value": {
      "depends": []
    }
  },
  "42d433a0-77fc-481a-834c-5963e3af76fc@6c48a": {
    "url": "db://assets/resource/loading/image/wait.png@6c48a",
    "value": {
      "depends": [
        "42d433a0-77fc-481a-834c-5963e3af76fc"
      ]
    }
  },
  "553c4b2c-3cfa-44ff-9975-2278a37e14e0@6c48a": {
    "url": "db://assets/resource/loading/image/bg2.png@6c48a",
    "value": {
      "depends": [
        "553c4b2c-3cfa-44ff-9975-2278a37e14e0"
      ]
    }
  },
  "553c4b2c-3cfa-44ff-9975-2278a37e14e0@f9941": {
    "url": "db://assets/resource/loading/image/bg2.png@f9941",
    "value": {
      "depends": [
        "553c4b2c-3cfa-44ff-9975-2278a37e14e0@6c48a"
      ]
    }
  },
  "42d433a0-77fc-481a-834c-5963e3af76fc@f9941": {
    "url": "db://assets/resource/loading/image/wait.png@f9941",
    "value": {
      "depends": [
        "42d433a0-77fc-481a-834c-5963e3af76fc@6c48a"
      ]
    }
  },
  "e619aad9-e958-47f1-922e-1156ec87e862": {
    "url": "db://assets/resource",
    "value": {}
  }
}
