{
  "F:\\cc\\asd\\ccndy\\assets\\script.meta": {
    "time": 1677572135159.9646
  },
  "F:\\cc\\asd\\ccndy\\assets\\script\\gameManager.ts.meta": {
    "time": 1677572135166.952
  },
  "F:\\cc\\asd\\ccndy\\assets\\script\\wait.ts.meta": {
    "time": 1677572135167.95
  },
  "F:\\cc\\asd\\ccndy\\assets\\script": {
    "time": 1677572135153.9597,
    "uuid": "5d3f9be5-e8e6-4dc2-83f9-025c15f56035",
    "missing": false
  },
  "F:\\cc\\asd\\ccndy\\assets\\script\\gameManager.ts": {
    "time": 1677575712682.147,
    "uuid": "c67d7e9c-a421-4a75-8a35-89f2a98b17ed",
    "missing": false
  },
  "F:\\cc\\asd\\ccndy\\assets\\script\\wait.ts": {
    "time": 1677573948147.036,
    "uuid": "4657ed1a-0096-4f69-b43d-c060611f917d",
    "missing": false
  },
  "F:\\cc\\asd\\ccndy\\assets\\resource.meta": {
    "time": 1677747717299.8975
  },
  "F:\\cc\\asd\\ccndy\\assets\\resource": {
    "time": 1677747734071.624,
    "uuid": "e619aad9-e958-47f1-922e-1156ec87e862",
    "missing": false
  },
  "F:\\cc\\asd\\ccndy\\assets\\resource\\prefabs.meta": {
    "time": 1677572135158.9565
  },
  "F:\\cc\\asd\\ccndy\\assets\\resource\\prefabs": {
    "time": 1677572135435.798,
    "uuid": "c48b6e3d-4b11-4d27-91c4-1c44e492861a",
    "missing": false
  },
  "F:\\cc\\asd\\ccndy\\assets\\resource\\prefabs\\wait.prefab.meta": {
    "time": 1677572135455.7864
  },
  "F:\\cc\\asd\\ccndy\\assets\\resource\\prefabs\\wait.prefab": {
    "time": 1677574101273.5957,
    "uuid": "fc782799-baef-48c8-b39c-1e4a5b1d19d3",
    "missing": false
  },
  "F:\\cc\\asd\\ccndy\\assets\\resource\\scene.meta": {
    "time": 1677572135159.9646
  },
  "F:\\cc\\asd\\ccndy\\assets\\resource\\scene": {
    "time": 1677572135435.798,
    "uuid": "e1f0e296-a74e-4678-9c47-953cdaaf43fe",
    "missing": false
  },
  "F:\\cc\\asd\\ccndy\\assets\\resource\\scene\\scene.scene.meta": {
    "time": 1677572135458.7847
  },
  "F:\\cc\\asd\\ccndy\\assets\\resource\\scene\\scene.scene": {
    "time": 1677747737153.3435,
    "uuid": "a81c8eaf-d024-4c5d-ae0c-709691c6fa0b",
    "missing": false
  },
  "F:\\cc\\asd\\ccndy\\assets\\resource\\loading.meta": {
    "time": 1677572135157.9563
  },
  "F:\\cc\\asd\\ccndy\\assets\\resource\\loading": {
    "time": 1677572135151.9592,
    "uuid": "026d3450-203b-495c-9bdb-37729d57edec",
    "missing": false
  },
  "F:\\cc\\asd\\ccndy\\assets\\resource\\loading\\image.meta": {
    "time": 1677572135160.9534
  },
  "F:\\cc\\asd\\ccndy\\assets\\resource\\loading\\image": {
    "time": 1677572135437.7964,
    "uuid": "e8c31b91-32f3-44c9-af13-041a88957076",
    "missing": false
  },
  "F:\\cc\\asd\\ccndy\\assets\\resource\\loading\\image\\bg2.png.meta": {
    "time": 1677572175224.9556
  },
  "F:\\cc\\asd\\ccndy\\assets\\resource\\loading\\image\\bg2.png": {
    "time": 1647743352094.438,
    "uuid": "553c4b2c-3cfa-44ff-9975-2278a37e14e0",
    "missing": false
  },
  "F:\\cc\\asd\\ccndy\\assets\\resource\\loading\\image\\wait.png.meta": {
    "time": 1677572179366.67
  },
  "F:\\cc\\asd\\ccndy\\assets\\resource\\loading\\image\\wait.png": {
    "time": 1592821204174.696,
    "uuid": "42d433a0-77fc-481a-834c-5963e3af76fc",
    "missing": false
  }
}
